Motif_and_repeat_strong_5,Motif + repeat 1,CGCTGTGTGTGTGTGTGTCACGTGACACACACCACAAACGTCCGGCGGTATGAC,motif+repeat
Motif_and_repeat_strong_6,Motif + repeat 2,CGCATATATATATAGAGTCACGTGACTCTCGCGCGCGCGGTCCGGCGGTATGAC,motif+repeat
Motif_and_repeat_strong_10,Motif + repeat 3,CGCTGTGTGTGTGTGTGTCACGTGACACACAACACACACGTCCGGCGGTATGAC,motif+repeat
Motif_and_repeat_strong_12,Motif + repeat 4,CGCTGTGTGTGTGTGTGTCACGTGACACCACACCACAAAGTCCGGCGGTATGAC,motif+repeat
Motif_and_repeat_strong_14,Motif + repeat 5,CGCGCGCGCGCGCAGAGTCACGTGACTCTATATATATATGTCCGGCGGTATGAC,motif+repeat
Motif_and_repeat_strong_15,Motif + repeat 6,CGCCGCGCGCGCGAGTGTCACGTGACACTATATATATATGTCCGGCGGTATGAC,motif+repeat
Motif_and_half_repeat_strong_2,Motif + short repeat 1,CGCACAGGTGTGTGTTGTCACGTGACACACACACACTGTGTCCGGCGGTATGAC,motif+shortrepeat
Motif_and_half_repeat_strong_10,Motif + short repeat 2,CGCGTGCGTTGTGTGTGTCACGTGACACACAACTCAACAGTCCGGCGGTATGAC,motif+shortrepeat
Motif_and_half_repeat_strong_12,Motif + short repeat 3,CGCAAGGCTTGTGTGTGTCACGTGACACCACACATCGATGTCCGGCGGTATGAC,motif+shortrepeat
Motif_and_half_repeat_strong_14,Motif + short repeat 4,CGCAGTGACGCGCAGAGTCACGTGACTCTATATTACGCTGTCCGGCGGTATGAC,motif+shortrepeat
Motif_and_half_repeat_strong_19,Motif + short repeat 5,CGCCGGAACAAAAGGGGTCACGTGACCCCTTTTTTCAGTGTCCGGCGGTATGAC,motif+shortrepeat
CACGCG_strong_5,Mutated motif + repeat 1,CGCTGTGTGTGTGTGTGTCACGCGACACACACCACAAACGTCCGGCGGTATGAC,mutated+repeat
CACGCG_strong_6,Mutated motif + repeat 2,CGCATATATATATAGAGTCACGCGACTCTCGCGCGCGCGGTCCGGCGGTATGAC,mutated+repeat
CACGCG_strong_14,Mutated motif + repeat 3,CGCGCGCGCGCGCAGAGTCACGCGACTCTATATATATATGTCCGGCGGTATGAC,mutated+repeat
CACGCG_strong_15,Mutated motif + repeat 4,CGCCGCGCGCGCGAGTGTCACGCGACACTATATATATATGTCCGGCGGTATGAC,mutated+repeat
CACGCG_half_strong_2,Mutated motif + short repeat 1,CGCACAGGTGTGTGTTGTCACGCGACACACACACACTGTGTCCGGCGGTATGAC,mutated+shortrepeat
CACGCG_RAND5,Mutated motif + random 1,CGCACAGTCACTTAACGTCACGCGACCGGGGTATTTCAGGTCCGGCGGTATGAC,mutated+random
CACGCG_RAND8,Mutated motif + random 2,CGCGATCGGCGCGGACGTCACGCGACCTCTAATTTTAAAGTCCGGCGGTATGAC,mutated+random
CACGCG_RAND19,Mutated motif + random 3,CGCCAATTCCGCGTTTGTCACGCGACGACCGGATAGATAGTCCGGCGGTATGAC,mutated+repeat
Motif_Rand_Flanks5,Motif + random 1,CGCACAGTCACTTAACGTCACGTGACCGGGGTATTTCAGGTCCGGCGGTATGAC,motif+random
Motif_Rand_Flanks8,Motif + random 2,CGCGATCGGCGCGGACGTCACGTGACCTCTAATTTTAAAGTCCGGCGGTATGAC,motif+random
Motif_Rand_Flanks19,Motif + random 3,CGCCAATTCCGCGTTTGTCACGTGACGACCGGATAGATAGTCCGGCGGTATGAC,motif+random
No_MOTIF_Repeat1,No motif + repeat 1,CGCATATATATATATATATATCGCGCGCGCGCGCGCGCGGTCCGGCGGTATGAC,nomotif+repeat
No_MOTIF_Repeat2,No motif + repeat 2,CGCACACACACACACACACACTGTGTGTGTGTGTGTGTGGTCCGGCGGTATGAC,nomotif+repeat
No_Motif_No_Repeat1,No motif + random 1,CGCCGCAGAGTCTCATTCTCCATACGCTGTAAAGTGGGAGTCCGGCGGTATGAC,nomotif+random
No_Motif_No_Repeat2,No motif + random 2,CGCCCTGTCGGGAAAGACCATTGTTCTCTAAAGAGCTCGGTCCGGCGGTATGAC,nomotif+random
Changing_highest2,Motif + repeat 7,CGCTATATATATATATGTCACGTGACAGGCGCGCGCGCGGTCCGGCGGTATGAC,motif+repeat
Changing_highest4,Motif + repeat 8,CGCCACACACACACATGTCACGTGACATGTGTGTGTGTGGTCCGGCGGTATGAC,motif+repeat
Reducing_One_Site_From_95,Motif + repeat 9,CGCCACACACACAACTGTCACGTGACATGTGTGTGTGTGGTCCGGCGGTATGAC,motif+repeat
Reducing_Two_Site_From_95,Motif + repeat 10,CGCCACACACACAACTGTCACGTGACAGTTGTGTGTGTGGTCCGGCGGTATGAC,motif+repeat
One_Site_LongerDistance,Motif + repeat 11,CGCCACACATGTAACTGTCACGTGACAGTTGTGTGTGTGGTCCGGCGGTATGAC,motif+repeat
PermutationOf95Ends,Motif + repeat 12,CGCCCAACCAACACATGTCACGTGACATGTGTTGGTGTGGTCCGGCGGTATGAC,motif+repeat