Oligo_Identity,Old_title,New_title,Sequence,Category
1,Motif_and_repeat_strong_5,Motif + repeat 1,CGCTGTGTGTGTGTGTGTCACGTGACACACACCACAAACGTCCGGCGGTATGAC,motif+repeat
2,Motif_and_half_repeat_strong_12,Motif + short repeat 3,CGCAAGGCTTGTGTGTGTCACGTGACACCACACATCGATGTCCGGCGGTATGAC,motif+shortrepeat
3,CACGCG_RAND5,Mutated motif + random 1,CGCACAGTCACTTAACGTCACGCGACCGGGGTATTTCAGGTCCGGCGGTATGAC,mutated+random
4,No_Motif_No_Repeat1,No motif + random 1,CGCCGCAGAGTCTCATTCTCCATACGCTGTAAAGTGGGAGTCCGGCGGTATGAC,nomotif+random
5,Motif_and_repeat_strong_6,Motif + repeat 2,CGCATATATATATAGAGTCACGTGACTCTCGCGCGCGCGGTCCGGCGGTATGAC,motif+repeat
6,Motif_and_half_repeat_strong_14,Motif + short repeat 4,CGCAGTGACGCGCAGAGTCACGTGACTCTATATTACGCTGTCCGGCGGTATGAC,motif+shortrepeat
7,CACGCG_RAND8,Mutated motif + random 2,CGCGATCGGCGCGGACGTCACGCGACCTCTAATTTTAAAGTCCGGCGGTATGAC,mutated+random
8,No_Motif_No_Repeat2,No motif + random 2,CGCCCTGTCGGGAAAGACCATTGTTCTCTAAAGAGCTCGGTCCGGCGGTATGAC,nomotif+random
9,Motif_and_repeat_strong_10,Motif + repeat 3,CGCTGTGTGTGTGTGTGTCACGTGACACACAACACACACGTCCGGCGGTATGAC,motif+repeat
10,Motif_and_half_repeat_strong_19,Motif + short repeat 5,CGCCGGAACAAAAGGGGTCACGTGACCCCTTTTTTCAGTGTCCGGCGGTATGAC,motif+shortrepeat
11,CACGCG_RAND19,Mutated motif + random 3,CGCCAATTCCGCGTTTGTCACGCGACGACCGGATAGATAGTCCGGCGGTATGAC,mutated+repeat
12,Changing_highest2,Motif + repeat 7,CGCTATATATATATATGTCACGTGACAGGCGCGCGCGCGGTCCGGCGGTATGAC,motif+repeat
13,Motif_and_repeat_strong_12,Motif + repeat 4,CGCTGTGTGTGTGTGTGTCACGTGACACCACACCACAAAGTCCGGCGGTATGAC,motif+repeat
14,CACGCG_strong_5,Mutated motif + repeat 1,CGCTGTGTGTGTGTGTGTCACGCGACACACACCACAAACGTCCGGCGGTATGAC,mutated+repeat
15,Motif_Rand_Flanks5,Motif + random 1,CGCACAGTCACTTAACGTCACGTGACCGGGGTATTTCAGGTCCGGCGGTATGAC,motif+random
16,Changing_highest4,Motif + repeat 8,CGCCACACACACACATGTCACGTGACATGTGTGTGTGTGGTCCGGCGGTATGAC,motif+repeat
17,Motif_and_repeat_strong_14,Motif + repeat 5,CGCGCGCGCGCGCAGAGTCACGTGACTCTATATATATATGTCCGGCGGTATGAC,motif+repeat
18,CACGCG_strong_6,Mutated motif + repeat 2,CGCATATATATATAGAGTCACGCGACTCTCGCGCGCGCGGTCCGGCGGTATGAC,mutated+repeat
19,Motif_Rand_Flanks8,Motif + random 2,CGCGATCGGCGCGGACGTCACGTGACCTCTAATTTTAAAGTCCGGCGGTATGAC,motif+random
20,Reducing_One_Site_From_95,Motif + repeat 9,CGCCACACACACAACTGTCACGTGACATGTGTGTGTGTGGTCCGGCGGTATGAC,motif+repeat
21,Motif_and_repeat_strong_15,Motif + repeat 6,CGCCGCGCGCGCGAGTGTCACGTGACACTATATATATATGTCCGGCGGTATGAC,motif+repeat
22,CACGCG_strong_14,Mutated motif + repeat 3,CGCGCGCGCGCGCAGAGTCACGCGACTCTATATATATATGTCCGGCGGTATGAC,mutated+repeat
23,Motif_Rand_Flanks19,Motif + random 3,CGCCAATTCCGCGTTTGTCACGTGACGACCGGATAGATAGTCCGGCGGTATGAC,motif+random
24,Reducing_Two_Site_From_95,Motif + repeat 10,CGCCACACACACAACTGTCACGTGACAGTTGTGTGTGTGGTCCGGCGGTATGAC,motif+repeat
25,Motif_and_half_repeat_strong_2,Motif + short repeat 1,CGCACAGGTGTGTGTTGTCACGTGACACACACACACTGTGTCCGGCGGTATGAC,motif+shortrepeat
26,CACGCG_strong_15,Mutated motif + repeat 4,CGCCGCGCGCGCGAGTGTCACGCGACACTATATATATATGTCCGGCGGTATGAC,mutated+repeat
27,No_MOTIF_Repeat1,No motif + repeat 1,CGCATATATATATATATATATCGCGCGCGCGCGCGCGCGGTCCGGCGGTATGAC,nomotif+repeat
28,One_Site_LongerDistance,Motif + repeat 11,CGCCACACATGTAACTGTCACGTGACAGTTGTGTGTGTGGTCCGGCGGTATGAC,motif+repeat
29,Motif_and_half_repeat_strong_10,Motif + short repeat 2,CGCGTGCGTTGTGTGTGTCACGTGACACACAACTCAACAGTCCGGCGGTATGAC,motif+shortrepeat
30,CACGCG_half_strong_2,Mutated motif + short repeat,CGCACAGGTGTGTGTTGTCACGCGACACACACACACTGTGTCCGGCGGTATGAC,mutated+shortrepeat
31,No_MOTIF_Repeat2,No motif + repeat 2,CGCACACACACACACACACACTGTGTGTGTGTGTGTGTGGTCCGGCGGTATGAC,nomotif+repeat
32,PermutationOf95Ends,Motif + repeat 12,CGCCCAACCAACACATGTCACGTGACATGTGTTGGTGTGGTCCGGCGGTATGAC,motif+repeat
